time,theta
0.000,1.5707963267948966
0.010,1.571216302793319
0.020,1.5724761346873937
0.030,1.574575677492344
0.040,1.5775147832962677
0.050,1.5812932978543213
0.060,1.5859110558206446
0.070,1.5913678746178903
0.080,1.5976635469439817
0.090,1.604797831915345
0.100,1.6127704448453284
0.110,1.6215810456558022
0.120,1.631229225919015
0.130,1.6417144945256354
0.140,1.6530362619735297
0.150,1.6651938232702128
0.160,1.678186339440062
0.170,1.6920128176253275
0.180,1.7066720897677494
0.190,1.722162789855252
0.200,1.7384833297158233
0.210,1.7556318733384164
0.220,1.7736063096986818
0.230,1.792404224065741
0.240,1.812022867765294
0.250,1.8324591263743981
0.260,1.853709486324592
0.270,1.875769999893106
0.280,1.8986362485671044
0.290,1.9223033047738023
0.300,1.946765691980449
0.310,1.9720173431831556
0.320,1.9980515578230549
0.330,2.024860957192936
0.340,2.0524374384279542
0.350,2.0807721272108846
0.360,2.1098553293661544
0.370,2.139676481567972
0.380,2.1702241014464074
0.390,2.2014857374412515
0.400,2.2334479188264154
0.410,2.2660961064067977
0.420,2.299414644473576
0.430,2.333386714690962
0.440,2.3679942926751627
0.450,2.403218108111464
0.460,2.4390376093343393
0.470,2.4754309333638824
0.480,2.5123748824449095
0.490,2.549844908167506
0.500,2.5878151042543966
0.510,2.62625820907608
0.520,2.6651456188946234
0.530,2.7044474127376708
0.540,2.7441323896632217
0.550,2.784168118992523
0.560,2.8245210038645405
0.570,2.865156358204849
0.580,2.9060384969109068
0.590,2.947130838743408
0.600,2.988396021090933
0.610,3.029796025455188
0.620,3.07129231220069
0.630,3.1128459628398106
0.640,3.1544178278950317
0.650,3.1959686782066785
0.660,3.2374593574454207
0.670,3.278850933550215
0.680,3.3201048468462866
0.690,3.361183052702306
0.700,3.4020481567556593
0.710,3.4426635409606634
0.720,3.4829934789853465
0.730,3.523003239784666
0.740,3.5626591784977544
0.750,3.6019288141400185
0.760,3.6407808938746937
0.770,3.6791854439415252
0.780,3.717113807583476
0.790,3.754538670539111
0.800,3.7914340748544566
0.810,3.8277754219119506
0.820,3.8635394656760584
0.830,3.89870429721744
0.840,3.933249321603864
0.850,3.9671552282409532
0.860,4.000403955714421
0.870,4.032978652133106
0.880,4.064863631903978
0.890,4.096044329791332
0.900,4.126507253026944
0.910,4.156239932149841
0.920,4.185230871166691
0.930,4.21346949753914
0.940,4.240946112424598
0.950,4.2676518415233335
0.960,4.293578586818131
0.970,4.318718979433608
0.980,4.343066333790669
0.990,4.366614603187327
1.000,4.389358336899834
1.010,4.411292638867304
1.020,4.4324131279980605
1.030,4.452715900116257
1.040,4.472197491552179
1.050,4.490854844368393
1.060,4.508685273205971
1.070,4.525686433729788
1.080,4.541856292648847
1.090,4.557193099286263
1.100,4.571695358673561
1.110,4.585361806144902
1.120,4.598191383408497
1.130,4.610183216074589
1.140,4.621336592621674
1.150,4.63165094478507
1.160,4.641125829354318
1.170,4.649760911368155
1.180,4.6575559486979
1.190,4.6645107780119455
1.200,4.67062530211568
1.210,4.675899478662565
1.220,4.68033331023321
1.230,4.683926835780243
1.240,4.686680123437456
1.250,4.688593264692247
1.260,4.6896663699207535
1.270,4.689899565285313
1.280,4.689292990994023
1.290,4.687846800922256
1.300,4.685561163596019
1.310,4.68243626453706
1.320,4.6784723099696865
1.330,4.673669531889351
1.340,4.668028194493219
1.350,4.661548601973247
1.360,4.654231107672669
1.370,4.646076124607409
1.380,4.637084137354637
1.390,4.627255715311679
1.400,4.616591527329603
1.410,4.605092357727195
1.420,4.592759123692621
1.430,4.5795928940817845
1.440,4.565594909624385
1.450,4.5507666045506205
1.460,4.535109629653597
1.470,4.518625876804422
1.480,4.501317504938763
1.490,4.4831869675349845
1.500,4.464237041604773
1.510,4.4444708582170565
1.520,4.423891934574768
1.530,4.402504207661202
1.540,4.380312069467979
1.550,4.35732040380945
1.560,4.333534624718314
1.570,4.308960716403578
1.580,4.283605274734366
1.590,4.257475550190652
1.600,4.230579492194378
1.610,4.202925794700841
1.620,4.174523942890359
1.630,4.14538426075362
1.640,4.115517959310483
1.650,4.084937185141528
1.660,4.053655068844446
1.670,4.021685772954221
1.680,3.989044538788
1.690,3.9557477315941667
1.700,3.9218128833026054
1.710,3.887258732092065
1.720,3.85210525791436
1.730,3.816373713047623
1.740,3.7800866466963825
1.750,3.7432679226196095
1.760,3.705942728753954
1.770,3.668137577813036
1.780,3.629880297889332
1.790,3.591200012166657
1.800,3.5521271069710973
1.810,3.5126931875476215
1.820,3.4729310211477955
1.830,3.4328744672481384
1.840,3.39255839498358
1.850,3.352018588168717
1.860,3.311291638581553
1.870,3.2704148284887236
1.880,3.2294260036853135
1.890,3.188363438593151
1.900,3.1472656951961193
1.910,3.1061714777780587
1.920,3.065119485558641
1.930,3.0241482653884733
1.940,2.9832960666630846
1.950,2.942600700546494
1.960,2.902099405462303
1.970,2.8618287206206636
1.980,2.821824369112603
1.990,2.7821211518307334
2.000,2.742752853180105
2.010,2.7037521592380274
2.020,2.6651505887196176
2.030,2.6269784368180202
2.040,2.5892647317241795
2.050,2.552037203398144
2.060,2.5153222639672066
2.070,2.4791449989685033
2.080,2.443529168535655
2.090,2.408497217549426
2.100,2.3740702937285136
2.110,2.3402682726246518
2.120,2.307109788501728
2.130,2.2746122701166493
2.140,2.242791980475365
2.150,2.2116640597059773
2.160,2.1812425702679086
2.170,2.151540543797749
2.180,2.1225700289754257
2.190,2.0943421398759847
2.200,2.066867104350466
2.210,2.040154312052536
2.220,2.014212361794622
2.230,1.9890491079776456
2.240,1.9646717058918268
2.250,1.9410866557323592
2.260,1.9182998452133617
2.270,1.896316590696711
2.280,1.8751416767797024
2.290,1.8547793943075392
2.300,1.8352335767940091
2.310,1.816507635247003
2.320,1.798604591405351
2.330,1.7815271094003502
2.340,1.765277525859883
2.350,1.7498578784756031
2.360,1.7352699330547607
2.370,1.7215152090781682
2.380,1.7085950037849127
2.390,1.696510414802945
2.400,1.6852623613428306
2.410,1.6748516039699144
2.420,1.6652787629680588
2.430,1.656544335306057
2.440,1.648648710215892
2.450,1.641592183390241
2.460,1.6353749698050508
2.470,1.6299972151716602
2.480,1.6254590060217977
2.490,1.6217603784278627
2.500,1.6189013253601592
2.510,1.6168818026822054
2.520,1.6157017337848358
2.530,1.6153610128595486
2.540,1.6158595068113757
2.550,1.6171970558114626
2.560,1.6193734724894808
2.570,1.6223885397659659
2.580,1.6262420073246073
2.590,1.630933586724426
2.600,1.6364629451515924
2.610,1.6428296978103774
2.620,1.6500333989523226
2.630,1.6580735315421862
2.640,1.6669494955585071
2.650,1.676660594925748
2.660,1.687206023073906
2.670,1.6985848471202172
2.680,1.7107959906661474
2.690,1.723838215201271
2.700,1.7377101001039346
2.710,1.752410021226848
2.720,1.7679361280540193
2.730,1.7842863194138592
2.740,1.8014582177319827
2.750,1.81944914180639
2.760,1.8382560780875512
2.770,1.8578756504467007
2.780,1.8783040884176898
2.790,1.899537193901394
2.800,1.9215703063273482
2.810,1.9443982662754364
2.820,1.9680153775715916
2.830,1.992415367886098
2.840,2.0175913478818055
2.850,2.043535768982894
2.860,2.0702403798633564
2.870,2.0976961817885487
2.880,2.125893382983464
2.890,2.1548213522480606
2.900,2.184468572093168
2.910,2.214822591730083
2.920,2.245869980312555
2.930,2.2775962809006396
2.940,2.309985965690773
2.950,2.343022393133632
2.960,2.376687767638787
2.970,2.4109631026400793
2.980,2.4458281878647776
2.990,2.4812615617091667
3.000,2.5172404896690446
3.010,2.553740949801223
3.020,2.5907376261969537
3.030,2.6282039114258082
3.040,2.6661119188549574
3.050,2.7044325056608596
3.060,2.743135307225979
3.070,2.782188783451799
3.080,2.8215602773222765
3.090,2.861216085822237
3.100,2.901121543058457
3.110,2.941241115154767
3.120,2.981538506205837
3.130,3.0219767742883086
3.140,3.0625184562544288
3.150,3.10312569978457
3.160,3.143760400962601
3.170,3.1843843454724157
3.180,3.2249593514034207
3.190,3.26544741160306
3.200,3.3058108335281857
3.210,3.3460123746235166
3.220,3.3860153713906413
3.230,3.42578386049812
3.240,3.4652826905129204
3.250,3.504477623094633
3.260,3.5433354227746614
3.270,3.5818239347307235
3.280,3.6199121502509395
3.290,3.6575702598512234
3.300,3.694769694255951
3.310,3.73148315366837
3.320,3.767684625939438
3.330,3.8033493943893606
3.340,3.8384540361446127
3.350,3.8729764119259467
3.360,3.9068956482623407
3.370,3.9401921131156854
3.380,3.9728473858854074
3.390,4.004844222725758
3.400,4.036166518055722
3.410,4.066799263076814
3.420,4.096728502041507
3.430,4.125941286938169
3.440,4.154425631180367
3.450,4.182170462811527
3.460,4.209165577662405
3.470,4.235401592829839
3.480,4.260869900782029
3.490,4.285562624338547
3.500,4.309472572722831
3.510,4.332593198840951
3.520,4.354918557902812
3.530,4.3764432674703215
3.540,4.397162468990862
3.550,4.417071790853239
3.560,4.43616731298649
3.570,4.454445533008986
3.580,4.471903333925595
3.590,4.488537953363787
3.600,4.504346954334914
3.610,4.519328197504113
3.620,4.533479814950933
3.630,4.546800185402539
3.640,4.559287910921926
3.650,4.570941795034715
3.660,4.581760822279614
3.670,4.591744139169339
3.680,4.600891036550607
3.690,4.609200933353555
3.700,4.6166733617226585
3.710,4.62330795352274
3.720,4.629104428215038
3.730,4.634062582099497
3.740,4.638182278920413
3.750,4.641463441833392
3.760,4.643906046732188
3.770,4.645510116934462
3.780,4.64627571922585
3.790,4.646202961261942
3.800,4.6452919903279115
3.810,4.643542993455634
3.820,4.640956198898172
3.830,4.637531878961568
3.840,4.633270354193977
3.850,4.628171998932295
3.860,4.622237248206665
3.870,4.615466606003571
3.880,4.60786065488868
3.890,4.59942006699117
3.900,4.590145616352072
3.910,4.580038192640027
3.920,4.569098816238974
3.930,4.557328654713509
3.940,4.544729040659021
3.950,4.531301490945155
3.960,4.517047727362668
3.970,4.501969698685163
3.980,4.48606960415848
3.990,4.46934991843154
4.000,4.45181341794296
4.010,4.433463208777662
4.020,4.414302756006656
4.030,4.394335914520928
4.040,4.373566961366635
4.050,4.352000629583045
4.060,4.329642143536694
4.070,4.306497255734304
4.080,4.28257228508289
4.090,4.25787415654747
4.100,4.232410442134465
4.110,4.206189403101664
4.120,4.179220033263158
4.130,4.151512103219402
4.140,4.123076205298431
4.150,4.093923798943985
4.160,4.064067256230123
4.170,4.0335199071201
4.180,4.00229608402066
4.190,3.9704111651124623
4.200,3.9378816158647183
4.210,3.9047250280692625
4.220,3.870960155658699
4.230,3.836606946508051
4.240,3.8016865693628956
4.250,3.76622143499324
4.260,3.7302352106454713
4.270,3.693752826858914
4.280,3.6568004757328976
4.290,3.6194055997785632
4.300,3.5815968705699412
4.310,3.5434041565230903
4.320,3.504858479281017
4.330,3.4659919583647087
4.340,3.4268377439640934
4.350,3.3874299379823682
4.360,3.347803503706136
4.370,3.307994164743689
4.380,3.2680382941446138
4.390,3.2279727948747
4.400,3.187834973059597
4.410,3.1476624056178477
4.420,3.107492804068857
4.430,3.067363876415901
4.440,3.02731318906268
4.450,2.987378030721107
4.460,2.947595280208092
4.470,2.9080012799130386
4.480,2.8686317165514743
4.490,2.8295215106118854
4.500,2.790704715662366
4.510,2.752214428422134
4.520,2.7140827102316285
4.530,2.6763405202847594
4.540,2.6390176607278604
4.550,2.602142733490518
4.560,2.5657431085004005
4.570,2.5298449027522207
4.580,2.494472969552817
4.590,2.4596508971509556
4.600,2.425401015881106
4.610,2.3917444129031273
4.620,2.35870095360139
4.630,2.326289308713664
4.640,2.294526986287901
4.650,2.2634303676096255
4.660,2.233014746299817
4.670,2.2032943698490453
4.680,2.174282482924732
4.690,2.1459913718616965
4.700,2.1184324098191354
4.710,2.0916161021578388
4.720,2.0655521316582384
4.730,2.0402494032617375
4.740,2.01571608807398
4.750,1.991959666418903
4.760,1.9689869697764892
4.770,1.9468042214752037
4.780,1.925417076042443
4.790,1.9048306571433393
4.800,1.8850495940604028
4.810,1.8660780566842876
4.820,1.8479197889999317
4.830,1.8305781410629913
4.840,1.814056099469352
4.850,1.7983563163260274
4.860,1.7834811367353745
4.870,1.7694326248066519
4.880,1.756212588209853
4.890,1.7438226012867555
4.900,1.7322640267334972
4.910,1.7215380358679022
4.920,1.7116456274934342
4.930,1.70258764537016
4.940,1.6943647943015803
4.950,1.6869776548447029
4.960,1.6804266966493513
4.970,1.6747122904314564
4.980,1.669834718583992
4.990,1.6657941844282973
5.000,1.6625908201077824
5.010,1.6602246931254134
5.020,1.6586958115259378
5.030,1.6580041277234767
5.040,1.6581495409749016
5.050,1.6591318984992638
5.060,1.6609509952434616
5.070,1.6636065722942628
5.080,1.6670983139367375
5.090,1.6714258433590612
5.100,1.6765887170035043
5.110,1.6825864175631995
5.120,1.6894183456239542
5.130,1.697083809949938
5.140,1.7055820164115
5.150,1.7149120555526578
5.160,1.7250728887949387
5.170,1.7360633332732647
5.180,1.747882045298454
5.190,1.7605275024397116
5.200,1.7739979842192402
5.210,1.7882915514098885
5.220,1.803406023925656
5.230,1.8193389572940124
5.240,1.836087617698506
5.250,1.8536489555802171
5.260,1.8720195777874702
5.270,1.8911957182651074
5.280,1.9111732072778593
5.290,1.93194743916724
5.300,1.9535133386483488
5.310,1.9758653256623873
5.320,1.9989972788130455
5.330,2.022902497430657
5.340,2.0475736623276517
5.350,2.073002795332819
5.360,2.0991812177206772
5.370,2.126099507686232
5.380,2.1537474570548616
5.390,2.1821140274621813
5.400,2.2111873062894745
5.410,2.240954462696391
5.420,2.271401704153582
5.430,2.302514233942898
5.440,2.334276210160444
5.450,2.366670706826557
5.460,2.3996796777743916
5.470,2.4332839240528226
5.480,2.4674630656365757
5.490,2.5021955182835964
5.500,2.537458476412771
5.510,2.573227902890392
5.520,2.609478526607239
5.530,2.646183848696179
5.540,2.683316158179586
5.550,2.720846557744262
5.560,2.758745000217627
5.570,2.7969803361628007
5.580,2.8355203728235274
5.590,2.8743319444361437
5.600,2.9133809936902453
5.610,2.9526326638693954
5.620,2.992051400946695
5.630,3.031601064657042
5.640,3.0712450473288215
5.650,3.1109463990430832
5.660,3.1506679575078507
5.670,3.190372480897679
5.680,3.2300227818207246
5.690,3.2695818605417886
5.700,3.309013035611791
5.710,3.3482800701308033
5.720,3.3873472919992897
5.730,3.4261797066843207
5.740,3.4647431012359053
5.750,3.50300413852364
5.760,3.5409304409151177
5.770,3.578490662874536
5.780,3.615654552212732
5.790,3.6523929999595794
5.800,3.688678079048913
5.810,3.724483072199219
5.820,3.75978248953634
5.830,3.794552076635403
5.840,3.8287688137575726
5.850,3.862410907124181
5.860,3.8954577731083924
5.870,3.9278900162359296
5.880,3.9596894018750675
5.890,3.9908388244660644
5.900,4.021322272095346
5.910,4.0511247881639365
5.920,4.080232430836394
5.930,4.108632230888979
5.940,4.13631214850671
5.950,4.163261029510539
5.960,4.189468561429962
5.970,4.2149252297742175
5.980,4.239622274797855
5.990,4.263551649004379
6.000,4.286705975585288
6.010,4.30907850795112
6.020,4.330663090475966
6.030,4.351454120547078
6.040,4.371446511986279
6.050,4.390635659889428
6.060,4.409017406913755
6.070,4.426588011029934
6.080,4.443344114745875
6.090,4.459282715801855
6.100,4.474401139331439
6.110,4.488697011479158
6.120,4.502168234463896
6.130,4.514812963075929
6.140,4.526629582595462
6.150,4.5376166881209015
6.160,4.547773065296016
6.170,4.557097672426207
6.180,4.565589623975373
6.190,4.573248175436111
6.200,4.580072709567262
6.210,4.58606272399394
6.220,4.591217820166242
6.230,4.595537693673707
6.240,4.599022125913385
6.250,4.601670977109928
6.260,4.603484180686635
6.270,4.604461738986712
6.280,4.604603720344236
6.290,4.60391025750451
6.300,4.6023815473935805
6.310,4.600017852236756
6.320,4.596819502026053
6.330,4.592786898336545
6.340,4.587920519491747
6.350,4.582220927078316
6.360,4.575688773810648
6.370,4.568324812746313
6.380,4.560129907853738
6.390,4.551105045934177
6.400,4.541251349900737
6.410,4.530570093418036
6.420,4.519062716907065
6.430,4.506730844920768
6.440,4.493576304896913
6.450,4.479601147295758
6.460,4.464807667130857
6.470,4.44919842690189
6.480,4.432776280938583
6.490,4.415544401164353
6.500,4.397506304287122
6.510,4.3786658804225045
6.520,4.3590274231510495
6.530,4.3385956610059875
6.540,4.317375790380794
6.550,4.29537350983627
6.560,4.272595055774439
6.570,4.249047239430912
6.580,4.224737485117985
6.590,4.199673869627231
6.600,4.173865162672256
6.610,4.14732086821933
6.620,4.120051266515485
6.630,4.092067456580266
6.640,4.063381398878674
6.650,4.034005957839289
6.660,4.003954943823522
6.670,3.9732431540903415
6.680,3.9418864122369235
6.690,3.909901605530926
6.700,3.8773067194867257
6.710,3.844120868978299
6.720,3.810364325128416
6.730,3.7760585371707
6.740,3.741226148451335
6.750,3.705891005724521
6.760,3.6700781609037163
6.770,3.633813864462753
6.780,3.5971255497399177
6.790,3.560041807486244
6.800,3.5225923501176992
6.810,3.484807965279561
6.820,3.4467204585083966
6.830,3.408362584979466
6.840,3.36976797055012
6.850,3.3309710225462634
6.860,3.2920068309813186
6.870,3.2529110611362078
6.880,3.2137198386551074
6.890,3.1744696285152907
6.900,3.1351971094011084
6.910,3.0959390451439432
6.920,3.0567321549754785
6.930,3.0176129843765853
6.940,2.97861777828684
6.950,2.9397823583709637
6.960,2.90114200592172
6.970,2.8627313518196855
6.980,2.8245842747763703
6.990,2.7867338088673055
7.000,2.749212061125571
7.010,2.712050139723595
7.020,2.675278093031231
7.030,2.638924859609528
7.040,2.6030182289893378
7.050,2.5675848128974654
7.060,2.5326500264343124
7.070,2.498238078578096
7.080,2.4643719712923366
7.090,2.4310735064446662
7.100,2.398363299704306
7.110,2.3662608005700068
7.120,2.3347843176866774
7.130,2.303951048633644
7.140,2.273777113406884
7.150,2.2442775908680144
7.160,2.2154665574909616
7.170,2.187357127800045
7.180,2.159961495958093
7.190,2.133290978027918
7.200,2.107356054493335
7.210,2.0821664126854653
7.220,2.057730988815444
7.230,2.034058009365146
7.240,2.011155031632836
7.250,1.9890289832706276
7.260,1.967686200685346
7.270,1.9471324662040927
7.280,1.9273730439307954
7.290,1.9084127142406988
7.300,1.8902558068765571
7.310,1.8729062326236603
7.320,1.8563675135512236
7.330,1.840642811815534
7.340,1.825734957025968
7.350,1.811646472178971
7.360,1.7983795981676405
7.370,1.7859363168759899
7.380,1.7743183728675511
7.390,1.7635272936779158
7.400,1.753564408720315
7.410,1.7444308668125352
7.420,1.7361276523325044
7.430,1.7286556000088409
7.440,1.7220154083516124
7.450,1.7162076517275733
7.460,1.711232791083246
7.470,1.7070911833184355
7.480,1.7037830893121007
7.490,1.7013086806019833
7.500,1.699668044718969
7.510,1.6988611891768608
7.520,1.6988880441180203
7.530,1.6997484636151918
7.540,1.7014422256297332
7.550,1.7039690306264037
7.560,1.707328498844803
7.570,1.7115201662274673
7.580,1.716543479004512
7.590,1.7223977869345184
7.600,1.729082335201108
7.610,1.7365962549642846
7.620,1.7449385525651768
7.630,1.7541080973822487
7.640,1.7641036083363937
7.650,1.7749236390415846
7.660,1.786566561596961
7.670,1.7990305490154208
7.680,1.8123135562830217
7.690,1.8264133000428553
7.700,1.84132723689663
7.710,1.8570525403171358
7.720,1.8735860761651895
7.730,1.8909243768057884
7.740,1.909063613820233
7.750,1.9279995693141803
7.760,1.947727605826251
7.770,1.968242634848257
7.780,1.9895390839766987
7.790,2.0116108627263003
7.800,2.0344513270503963
7.810,2.058053242630388
7.820,2.0824087470176433
7.830,2.1075093107365293
7.840,2.1333456974870573
7.850,2.1599079236201693
7.860,2.1871852170981394
7.870,2.215165976196936
7.880,2.2438377282564645
7.890,2.273187088838033
7.900,2.303199721705392
7.910,2.3338603001053495
7.920,2.36515246988481
7.930,2.397058815041448
7.940,2.429560826362877
7.950,2.46263887386162
7.960,2.4962721837575135
7.970,2.5304388207921944
7.980,2.5651156766786745
7.990,2.600278465489287
8.000,2.6359017267642306
8.010,2.6719588370776215
8.020,2.7084220307260565
8.030,2.7452624301047286
8.040,2.7824500862076897
8.050,2.8199540295328385
8.060,2.857742331490972
8.070,2.895782176215694
8.080,2.934039942452541
8.090,2.972481294978217
8.100,3.011071284772314
8.110,3.0497744569431173
8.120,3.088554965205145
8.130,3.127376691527839
8.140,3.1662033694304315
8.150,3.2049987092942143
8.160,3.2437265240052717
8.170,3.2823508532310233
8.180,3.320836084673146
8.190,3.359147070725724
8.200,3.397249239096608
8.210,3.435108696115873
8.220,3.472692321650273
8.230,3.5099678547580533
8.240,3.5469039694453417
8.250,3.5834703401145447
8.260,3.6196376965184314
8.270,3.6553778682434634
8.280,3.6906638189364482
8.290,3.725469670655172
8.300,3.759770718863369
8.310,3.793543438701685
8.320,3.8267654832491815
8.330,3.8594156745453816
8.340,3.891473988173024
8.350,3.922921532209215
8.360,3.9537405213407344
8.370,3.9839142469112745
8.380,4.01342704362777
8.390,4.042264253602991
8.400,4.070412188355265
8.410,4.097858089326273
8.420,4.124590087416644
8.430,4.150597161978447
8.440,4.1758690996452525
8.450,4.200396453325265
8.460,4.2241705016320035
8.470,4.247183208980619
8.480,4.269427186536447
8.490,4.290895654165867
8.500,4.311582403507892
8.510,4.331481762257855
8.520,4.350588559731872
8.530,4.368898093761932
8.540,4.3864060989562645
8.550,4.403108716347435
8.560,4.419002464441216
8.570,4.434084211672089
8.580,4.448351150266022
8.590,4.461800771507495
8.600,4.474430842405386
8.610,4.486239383750927
8.620,4.497224649560354
8.630,4.507385107894811
8.640,4.51671942305043
8.650,4.525226439112137
8.660,4.532905164865465
8.670,4.539754760061551
8.680,4.545774523031261
8.690,4.550963879645221
8.700,4.555322373617225
8.710,4.558849658149091
8.720,4.561545488915576
8.730,4.563409718388312
8.740,4.564442291498085
8.750,4.564643242634945
8.760,4.564012693985822
8.770,4.5625508552093805
8.780,4.56025802444795
8.790,4.557134590676372
8.800,4.55318103738773
8.810,4.548397947615947
8.820,4.542786010295466
8.830,4.5363460279583485
8.840,4.529078925769485
8.850,4.520985761900935
8.860,4.512067739246876
8.870,4.502326218481195
8.880,4.4917627324602964
8.890,4.480379001974386
8.900,4.46817695285104
8.910,4.455158734415456
8.920,4.441326739312145
8.930,4.426683624692991
8.940,4.411232334776368
8.950,4.394976124781239
8.960,4.377918586238744
8.970,4.36006367368135
8.980,4.3414157327061575
8.990,4.321979529403922
9.000,4.301760281138649
9.010,4.280763688653755
9.020,4.258995969469534
9.030,4.236463892522516
9.040,4.213174813979973
9.050,4.189136714141857
9.060,4.1643582353176
9.070,4.138848720536001
9.080,4.112618252912857
9.090,4.085677695462744
9.100,4.058038731098588
9.110,4.029713902515552
9.120,4.000716651604688
9.130,3.9710613579875633
9.140,3.9407633762065686
9.150,3.90983907104826
9.160,3.8783058504205394
9.170,3.8461821951508224
9.180,3.81348768502398
9.190,3.7802430203385327
9.200,3.7464700382302882
9.210,3.7121917229975137
9.220,3.6774322096639613
9.230,3.6422167800386576
9.240,3.6065718505769517
9.250,3.5705249514180215
9.260,3.534104696071129
9.270,3.497340741346673
9.280,3.4602637372775775
9.290,3.42290526694945
9.300,3.3852977763505407
9.310,3.347474494559673
9.320,3.309469344805555
9.330,3.2713168471467737
9.340,3.233052013730075
9.350,3.194710237776846
9.360,3.1563271776156885
9.370,3.1179386372151696
9.380,3.079580444768864
9.390,3.041288330940093
9.400,3.003097808383583
9.410,2.96504405412518
9.420,2.927161796300469
9.430,2.8894852066324774
9.440,2.852047799873236
9.450,2.8148823412508723
9.460,2.77802076276117
9.470,2.741494088928534
9.480,2.7053323724445337
9.490,2.6695646398803885
9.500,2.6342188474699726
9.510,2.5993218467777703
9.520,2.5648993599061645
9.530,2.5309759637613505
9.540,2.497575082788591
9.550,2.4647189895056743
9.560,2.4324288121074438
9.570,2.400724548382322
9.580,2.3696250851714313
9.590,2.339148222609283
9.600,2.309310702408967
9.610,2.2801282394911055
9.620,2.251615556301479
9.630,2.223786419214304
9.640,2.1966536764740865
9.650,2.170229297186519
9.660,2.1445244109262473
9.670,2.119549347584921
9.680,2.095313677135685
9.690,2.071826249039313
9.700,2.0490952310619788
9.710,2.0271281473149307
9.720,2.0059319153619595
9.730,1.9855128822716193
9.740,1.9658768595178235
9.750,1.9470291566550104
9.760,1.9289746137128623
9.770,1.9117176322709566
9.780,1.8952622051861054
9.790,1.8796119449548971
9.800,1.8647701107014587
9.810,1.8507396337860678
9.820,1.8375231420342792
9.830,1.8251229825889985
9.840,1.813541243389675
9.850,1.8027797732837552
9.860,1.792840200775901
9.870,1.7837239514204206
9.880,1.7754322638620121
9.890,1.7679662045293885
9.900,1.761326680985728
9.910,1.7555144539392442
9.920,1.7505301479165332
9.930,1.746374260600784
9.940,1.743047170836432
9.950,1.7405491453014192
9.960,1.7388803438479006
9.970,1.738040823511981
9.980,1.7380305411929093
9.990,1.7388493550020256
10.000,1.740497024281706
10.010,1.7429732082944878
10.020,1.746277463582531
10.030,1.7504092399975129
10.040,1.7553678754009745
10.050,1.7611525890350117
10.060,1.767762473563015
10.070,1.77519648577992
10.080,1.7834534359911076
10.090,1.7925319760587168
10.100,1.8024305861137047
10.110,1.8131475599315303
10.120,1.8246809889688986
10.130,1.8370287450586167
10.140,1.8501884617593625
10.150,1.8641575143571338
10.160,1.878932998515438
10.170,1.8945117075720415
10.180,1.9108901084814833
10.190,1.9280643164047502
10.200,1.9460300679507527
10.210,1.9647826930787604
10.220,1.9843170856770471
10.230,2.0046276728409667
10.240,2.0257083828838582
10.250,2.0475526121269145
10.260,2.0701531905298047
10.270,2.0935023462427593
10.280,2.1175916691833514
10.290,2.142412073767632
10.300,2.1679537609558195
10.310,2.1942061798075523
10.320,2.2211579887808237
10.330,2.248797017051933
10.340,2.2771102261808416
10.350,2.3060836724965914
10.360,2.335702470630114
10.370,2.3659507586756847
10.380,2.396811665515986
10.390,2.4282672808974484
10.400,2.460298628890071
10.410,2.4928856454068646
10.420,2.526007160489687
10.430,2.5596408860876676
10.440,2.593763410058697
10.450,2.628350197110722
10.460,2.6633755973651825
10.470,2.6988128631676997
10.480,2.7346341746895497
10.490,2.7708106747568175
10.500,2.807312513212888
10.510,2.844108900965607
10.520,2.881168173695983
10.530,2.9184578650149158
10.540,2.9559447886535373
10.550,2.9935951290680065
10.560,3.03137453963825
10.570,3.069248247450091
10.580,3.107181163479267
10.590,3.145137996851421
10.600,3.1830833717407154
10.610,3.220981945396476
10.620,3.2587985257555943
10.630,3.296498187109883
10.640,3.334046382351608
10.650,3.3714090504145027
10.660,3.4085527176572867
10.670,3.4454445920962304
10.680,3.4820526495755106
10.690,3.5183457111613827
10.700,3.5542935112505702
10.710,3.589866756087165
10.720,3.6250371725786983
10.730,3.659777547484884
10.740,3.6940617572170074
10.750,3.727864788628479
10.760,3.7611627512955224
10.770,3.793932881880327
10.780,3.826153541237498
10.790,3.857804204969423
10.800,3.8888654481591263
10.810,3.919318925012803
10.820,3.9491473441312444
10.830,3.978334440102808
10.840,4.006864942073319
10.850,4.034724539903202
10.860,4.061899848471763
10.870,4.088378370635228
10.880,4.114148459290786
10.890,4.139199278945259
10.900,4.163520767135204
10.910,4.187103595996466
10.920,4.209939134235953
10.930,4.232019409717224
10.940,4.253337072834563
10.950,4.273885360817653
10.960,4.293658063080569
10.970,4.312649487704549
10.980,4.330854429123406
10.990,4.348268137063374
11.000,4.36488628677518
11.010,4.380704950584839
11.020,4.395720570780813
11.030,4.409929933848286
11.040,4.423330146056194
11.050,4.435918610398878
11.060,4.447693004891691
11.070,4.458651262218171
11.080,4.468791550725466
11.090,4.478112256764223
11.100,4.486611968369136
11.110,4.494289460276514
11.120,4.5011436802756375
11.130,4.507173736891091
11.140,4.5123788883937745
11.150,4.516758533138734
11.160,4.520312201228394
11.170,4.52303954750012
11.180,4.524940345837355
11.190,4.526014484803756
11.200,4.526261964599943
11.210,4.5256828953425625
11.220,4.524277496665418
11.230,4.522046098642454
11.240,4.518989144032396
11.250,4.515107191844877
11.260,4.510400922227915
11.270,4.504871142676689
11.280,4.498518795563679
11.290,4.491344966990416
11.300,4.483350896961292
11.310,4.474537990880158
11.320,4.464907832370756
11.330,4.454462197422282
11.340,4.443203069861721
11.350,4.431132658154709
11.360,4.418253413536788
11.370,4.404568049476676
11.380,4.390079562472651
11.390,4.374791254182131
11.400,4.358706754882889
11.410,4.341830048261863
11.420,4.3241654975240476
11.430,4.3057178728091925
11.440,4.286492379897736
11.450,4.2664946901792975
11.460,4.245730971846791
11.470,4.224207922266531
11.480,4.201932801459164
11.490,4.178913466607646
11.500,4.155158407486453
11.510,4.130676782680439
11.520,4.105478456432179
11.530,4.079574035922981
11.540,4.052974908755192
11.550,4.025693280361962
11.560,3.9977422110257623
11.570,3.9691356521391308
11.580,3.9398884812912236
11.590,3.9100165357128893
11.600,3.879536643562523
11.610,3.8484666524866706
11.620,3.816825454845228
11.630,3.784633008953457
11.640,3.75191035566444
11.650,3.7186796295987223
11.660,3.684964064325495
11.670,3.650787990814427
11.680,3.6161768285115325
11.690,3.5811570684483147
11.700,3.545756247872191
11.710,3.5100029159884354
11.720,3.473926590529198
11.730,3.437557705011988
11.740,3.400927546715618
11.750,3.364068185582051
11.760,3.3270123944426837
11.770,3.2897935611613094
11.780,3.2524455934763847
11.790,3.2150028175050385
11.800,3.177499871033195
11.810,3.139971592853322
11.820,3.1024529095176088
11.830,3.0649787209449886
11.840,3.0275837863520607
11.850,2.9903026119691813
11.860,2.953169341954146
11.870,2.9162176538292743
11.880,2.8794806596472884
11.890,2.842990813942546
11.900,2.806779829353464
11.910,2.7708786006164083
11.920,2.7353171374384035
11.930,2.700124506562746
11.940,2.665328783154747
11.950,2.6309570114599645
11.960,2.597035174529181
11.970,2.5635881726664187
11.980,2.530639810140749
11.990,2.49821278961053
12.000,2.466328713640043
12.010,2.4350080926422892
12.020,2.4042703585563254
12.030,2.374133883560735
12.040,2.344616003134104
12.050,2.3157330427959577
12.060,2.287500347894761
12.070,2.2599323158506657
12.080,2.233042430307194
12.090,2.2068432966958222
12.100,2.181346678768531
12.110,2.1565635357042563
12.120,2.1325040594444986
12.130,2.1091777119601742
12.140,2.0865932621953864
12.150,2.0647588224737117
12.160,2.043681884188558
12.170,2.023369352631077
12.180,2.0038275808370565
12.190,1.9850624023583214
12.200,1.9670791628846849
12.210,1.9498827506596885
12.220,1.9334776256475728
12.230,1.917867847420466
12.240,1.9030571017439966
12.250,1.889048725846746
12.260,1.8758457323644828
12.270,1.863450831954216
12.280,1.851866454576062
12.290,1.8410947694429327
12.300,1.8311377036393504
12.310,1.8219969594114234
12.320,1.8136740301303564
12.330,1.806170214931892
12.340,1.7994866320339373
12.350,1.7936242307343608
12.360,1.788583802090619
12.370,1.7843659882825547
12.380,1.7809712906593944
12.390,1.778400076471715
12.400,1.776652584288935
12.410,1.7757289281027366
12.420,1.7756291001167197
12.430,1.7763529722225335
12.440,1.7779002961627144
12.450,1.7802707023804563
12.460,1.7834636975565514
12.470,1.7874786608337438
12.480,1.792314838728725
12.490,1.7979713387319627
12.500,1.8044471215954734
12.510,1.811740992308545
12.520,1.8198515897612613
12.530,1.8287773750955196
12.540,1.8385166187430602
12.550,1.8490673861498796
12.560,1.860427522186339
12.570,1.8725946342423283
12.580,1.8855660740071172
12.590,1.8993389179340865
12.600,1.913909946391507
12.610,1.929275621502065
12.620,1.9454320636760722
12.630,1.962375026846449
12.640,1.9800998724178218
12.650,1.998601541947702
12.660,2.017874528584944
12.670,2.037912847299825
12.680,2.058710003951423
12.690,2.080258963251838
12.700,2.102552115703445
12.710,2.1255812436051547
12.720,2.149337486246786
12.730,2.173811304437346
12.740,2.1989924445434363
12.750,2.2248699022481295
12.760,2.2514318862784664
12.770,2.2786657823908762
12.780,2.306558117947958
12.790,2.335094527466427
12.800,2.3642597195637696
12.810,2.3940374457790217
12.820,2.4244104717896393
12.830,2.455360551589853
12.840,2.4868684052341976
12.850,2.5189137007807494
12.860,2.5514750410895677
12.870,2.584529956140352
12.880,2.6180549015268717
12.890,2.652025263761916
12.900,2.6864153729833027
12.910,2.7211985235872933
12.920,2.7563470032296893
12.930,2.791832130526852
12.940,2.827624301659816
12.950,2.863693045936528
12.960,2.9000070902031694
12.970,2.9365344318197564
12.980,2.9732424197329697
12.990,3.0100978429965353
13.000,3.047067025913063
13.010,3.084115928807898
13.020,3.1212102533019377
13.030,3.1583155508326617
13.040,3.1953973330859786
13.050,3.232421182949869
13.060,3.269352864586533
13.070,3.306158431243525
13.080,3.342804329485072
13.090,3.3792574986196833
13.100,3.415485464224979
13.110,3.45145642481997
13.120,3.487139330902484
13.130,3.522503955748247
13.140,3.5575209575515574
13.150,3.5921619326688736
13.160,3.6263994599002194
13.170,3.660207135903959
13.180,3.693559601984311
13.190,3.7264325626150567
13.200,3.75880279616556
13.210,3.7906481583757725
13.220,3.8219475791856783
13.230,3.852681053562687
13.240,3.882829626989566
13.250,3.9123753762777476
13.260,3.9413013863587127
13.270,3.9695917236821887
13.280,3.9972314068166495
13.290,4.024206374807525
13.300,4.050503453803823
13.310,4.076110322416545
13.320,4.10101547622406
13.330,4.125208191791849
13.340,4.148678490527969
13.350,4.171417102651954
13.360,4.193415431514409
13.370,4.214665518467519
13.380,4.235160008453463
13.390,4.254892116448167
13.400,4.27385559487204
13.410,4.292044702057084
13.420,4.309454171840807
13.430,4.326079184341483
13.440,4.341915337956173
13.450,4.35695862261218
13.460,4.371205394294102
13.470,4.3846523508618285
13.480,4.397296509169722
13.490,4.409135183493277
13.500,4.420165965266732
13.510,4.430386704133144
13.520,4.439795490307071
13.530,4.448390638249244
13.540,4.4561706716521625
13.550,4.46313430973536
13.560,4.469280454849146
13.570,4.474608181385716
13.580,4.47911672599672
13.590,4.482805479116559
13.600,4.485673977790878
13.610,4.487721899809848
13.620,4.488949059145955
13.630,4.489355402696077
13.640,4.488941008327655
13.650,4.48770608422875
13.660,4.485650969561777
13.670,4.482776136420615
13.680,4.479082193090799
13.690,4.474569888612444
13.700,4.4692401186455095
13.710,4.463093932637067
13.720,4.456132542290215
13.730,4.44835733133436
13.740,4.43976986659663
13.750,4.430371910374234
13.760,4.42016543410757
13.770,4.409152633353826
13.780,4.3973359440605675
13.790,4.3847180601383995
13.800,4.371301952331028
13.810,4.357090888379912
13.820,4.3420884544790095
13.830,4.326298578012716
13.840,4.309725551566858
13.850,4.292374058198232
13.860,4.274249197942582
13.870,4.255356515533682
13.880,4.235702029297216
13.890,4.215292261172033
13.900,4.1941342677979225
13.910,4.172235672592874
13.920,4.14960469872379
13.930,4.126250202852351
13.940,4.102181709512223
13.950,4.077409445944729
13.960,4.051944377187615
13.970,4.025798241175625
13.980,3.998983583572574
13.990,3.9715137920128303
14.000,3.9434031293863123
14.010,3.914666765756065
14.020,3.8853208084523714
14.030,3.85538232984356
14.040,3.824869392242848
14.050,3.7938010693745987
14.060,3.7621974637944415
14.070,3.730079719638052
14.080,3.697470030065407
14.090,3.664391638773394
14.100,3.6308688349719365
14.110,3.596926941259274
14.120,3.562592293892132
14.130,3.5278922150271637
14.140,3.4928549766112824
14.150,3.4575097557195917
14.160,3.4218865812787276
14.170,3.386016272267731
14.180,3.3499303676542067
14.190,3.313661048495652
14.200,3.277241052808916
14.210,3.2407035839785894
14.220,3.2040822136314016
14.230,3.167410780042113
14.240,3.1307232832511676
14.250,3.094053778160509
14.260,3.0574362669276782
14.270,3.0209045919971302
14.280,2.9844923310908156
14.290,2.9482326954281897
14.300,2.9121584323613003
14.310,2.8763017334971814
14.320,2.840694149242386
14.330,2.8053665105488585
14.340,2.7703488584727602
14.350,2.7356703819846864
14.360,2.701359364297121
14.370,2.6674431378086227
14.380,2.6339480476089685
14.390,2.6008994233492686
14.400,2.5683215591588056
14.410,2.5362377011878885
14.420,2.5046700422742303
14.430,2.473639723169175
14.440,2.443166839718693
14.450,2.4132704553709696
14.460,2.383968618375744
14.470,2.355278383048051
14.480,2.3272158344883715
14.490,2.2997961161799703
14.500,2.273033459920114
14.510,2.2469412175827737
14.520,2.2215318942543547
14.530,2.1968171823293416
14.540,2.172807996198037
14.550,2.1495145072026953
14.560,2.126946178580411
14.570,2.1051118001504587
14.580,2.0840195225399785
14.590,2.0636768907746794
14.600,2.0440908770905017
14.610,2.0252679128479527
14.620,2.007213919453227
14.630,1.9899343382094308
14.640,1.9734341590374684
14.650,1.9577179480197293
14.660,1.9427898737308629
14.670,1.9286537323289872
14.680,1.9153129713878898
14.690,1.9027707124564346
14.700,1.8910297723357266
14.710,1.8800926830678408
14.720,1.869961710632294
14.730,1.8606388723481035
14.740,1.852125952980405
14.750,1.8444245195513103
14.760,1.8375359348550906
14.770,1.831461369677972
14.780,1.8262018137228822
14.790,1.8217580852394675
14.800,1.8181308393596332
14.810,1.8153205751387917
14.820,1.813327641302941
14.830,1.8121522407016666
14.840,1.8117944334671507
14.850,1.812254138879304
14.860,1.8135311359371833
14.870,1.81562506263693
14.880,1.8185354139565508
14.890,1.8222615385479433
14.900,1.8268026341366508
14.910,1.8321577416299049
14.920,1.838325737933567
14.930,1.8453053274786326
14.940,1.8530950324580038
14.950,1.8616931817742932
14.960,1.8710978986995193
14.970,1.8813070872477091
14.980,1.8923184172617147
14.990,1.9041293082159965
